url_path,views_total,views_unique
/jbrzensk/rockfish_helpers,17,1
/jbrzensk/rockfish_helpers/tree/github-repo-stats,7,1
/jbrzensk/rockfish_helpers/pulse,5,1
/jbrzensk/rockfish_helpers/tree/github-repo-stats/jbrzensk/rockfish_helpers,5,1
/jbrzensk/rockfish_helpers/actions,4,1
/jbrzensk/rockfish_helpers/graphs/traffic,4,1
/jbrzensk/rockfish_helpers/tree/github-repo-stats/jbrzensk/rockfish_helpers/ghrs-data,3,1
/jbrzensk/rockfish_helpers/actions/workflows/github-repo-stats.yml,2,1
/jbrzensk/rockfish_helpers/blob/github-repo-stats/jbrzensk/rockfish_helpers/ghrs-data/views_clones_aggregate.csv,2,1
/jbrzensk/rockfish_helpers/blob/main/fortran/examples/hello_world.f90,2,1
